{
  "capabilities_overall_pass": {
    "top": 540.4104394581364,
    "left": 809.3590913838594
  },
  "operational_domain_overall_pass": {
    "top": 590.7642765993197,
    "left": -372.3836641644301
  },
  "user_success_disparity": {
    "top": 640.5583802218862,
    "left": 27.174716057456067
  },
  "nations_overall_pass": {
    "top": 564.6698864229825,
    "left": 397.3033382833113
  }
}