{
  "testcase_issue_categories": {
    "top": 148.5203709602356,
    "left": 544.1368865966797
  },
  "test_objectives": {
    "top": 1063.2911875247955,
    "left": 1628.1497554779053
  },
  "capabilities": {
    "top": 1306.9304761886597,
    "left": 1717.7150230407715
  },
  "operational_domains": {
    "top": 0,
    "left": 1471.1396293640137
  },
  "issue_categories": {
    "top": 1109.5493068695068,
    "left": 379.9927712213248
  },
  "warfare_levels": {
    "top": 834.096773147583,
    "left": 241.69632148742676
  },
  "testcases": {
    "top": 1467.8784246444702,
    "left": 1148.6568183898926
  },
  "nations": {
    "top": 186.89364671707153,
    "left": 1961.958324432373
  },
  "capability_warfarelevels": {
    "top": 577.9936027526855,
    "left": 0
  },
  "standards": {
    "top": 636.6879377365112,
    "left": 1428.4584465026855
  },
  "testcase_standards": {
    "top": 192.42460346221924,
    "left": 1228.6744842529297
  },
  "focus_areas": {
    "top": 335.02102279663086,
    "left": 1386.3606567382812
  },
  "capability_operational_domains": {
    "top": 411.84478759765625,
    "left": 331.25496673583984
  },
  "test_participants": {
    "top": 1187.6174931526184,
    "left": 1033.3132781982422
  },
  "objectives": {
    "top": 858.8617327213287,
    "left": 948.1421127319336
  },
  "capability_tasks": {
    "top": 721.8356323242188,
    "left": 563.3645133972168
  },
  "tasks": {
    "top": 519.4735050201416,
    "left": 697.6431863307953
  }
}